"","pattern","presumed_n_all","analysis_context","matches","relative_ratio"
"1","caaa",2321000,"xaaa",1084,0.000467040068935804
"2","acaa",3001000,"axaa",1474,0.000491169610129957
"3","ccaa",1164000,"xcaa",527,0.000452749140893471
"4","ccaa",1164000,"cxaa",407,0.000349656357388316
"5","tcaa",2141000,"txaa",885,0.000413358243811303
"6","gcaa",1269000,"gxaa",367,0.000289204097714736
"7","ctaa",1899000,"xtaa",1048,0.000551869404949974
"8","cgaa",394000,"xgaa",273,0.000692893401015228
"9","aaca",2704000,"aaxa",1318,0.000487426035502959
"10","caca",1618000,"xaca",881,0.000544499381953028
"11","caca",1618000,"caxa",689,0.000425834363411619
"12","taca",2624000,"taxa",1266,0.000482469512195122
"13","gaca",1719000,"gaxa",884,0.000514252472367656
"14","acca",1598000,"axca",632,0.00039549436795995
"15","acca",1598000,"acxa",578,0.000361702127659574
"16","ccca",405000,"xcca",308,0.000760493827160494
"17","ccca",405000,"cxca",138,0.000340740740740741
"18","ccca",405000,"ccxa",185,0.00045679012345679
"19","tcca",939000,"txca",474,0.000504792332268371
"20","tcca",939000,"tcxa",359,0.000382321618743344
"21","gcca",851000,"gxca",224,0.000263219741480611
"22","gcca",851000,"gcxa",344,0.000404230317273796
"23","atca",1473000,"atxa",642,0.000435845213849287
"24","ctca",1441000,"xtca",597,0.000414295628036086
"25","ctca",1441000,"ctxa",684,0.000474670367800139
"26","ttca",1992000,"ttxa",1003,0.0005035140562249
"27","gtca",1077000,"gtxa",319,0.00029619312906221
"28","agca",941000,"agxa",288,0.00030605738575983
"29","cgca",472000,"xgca",207,0.000438559322033898
"30","cgca",472000,"cgxa",175,0.000370762711864407
"31","tgca",1809000,"tgxa",616,0.000340519624101714
"32","ggca",868000,"ggxa",256,0.000294930875576037
"33","cata",1191000,"xata",635,0.000533165407220823
"34","acta",1819000,"axta",1123,0.000617372182517867
"35","ccta",1140000,"xcta",472,0.000414035087719298
"36","ccta",1140000,"cxta",381,0.000334210526315789
"37","tcta",1573000,"txta",935,0.000594405594405594
"38","gcta",1519000,"gxta",763,0.000502304147465438
"39","ctta",2077000,"xtta",946,0.000455464612421762
"40","cgta",454000,"xgta",255,0.000561674008810573
"41","caga",1820000,"xaga",757,0.000415934065934066
"42","acga",384000,"axga",288,0.00075
"43","ccga",185000,"xcga",78,0.000421621621621622
"44","ccga",185000,"cxga",90,0.000486486486486486
"45","tcga",231000,"txga",147,0.000636363636363636
"46","gcga",218000,"gxga",150,0.000688073394495413
"47","ctga",1280000,"xtga",508,0.000396875
"48","cgga",176000,"xgga",155,0.000880681818181818
"49","aaac",2091000,"aaax",1046,0.000500239120038259
"50","caac",2005000,"xaac",766,0.000382044887780549
"51","caac",2005000,"caax",953,0.000475311720698254
"52","taac",1473000,"taax",1012,0.000687033265444671
"53","gaac",1036000,"gaax",418,0.000403474903474903
"54","acac",1686000,"axac",902,0.000534994068801898
"55","acac",1686000,"acax",765,0.00045373665480427
"56","ccac",856000,"xcac",243,0.000283878504672897
"57","ccac",856000,"cxac",382,0.000446261682242991
"58","ccac",856000,"ccax",315,0.000367990654205607
"59","tcac",1212000,"txac",642,0.00052970297029703
"60","tcac",1212000,"tcax",560,0.000462046204620462
"61","gcac",1073000,"gxac",270,0.000251630941286114
"62","gcac",1073000,"gcax",486,0.000452935694315005
"63","atac",1188000,"atax",609,0.000512626262626263
"64","ctac",1349000,"xtac",778,0.000576723498888065
"65","ctac",1349000,"ctax",616,0.000456634544106746
"66","ttac",2655000,"ttax",1481,0.000557815442561205
"67","gtac",1439000,"gtax",597,0.000414871438498958
"68","agac",1287000,"agax",689,0.000535353535353535
"69","cgac",155000,"xgac",122,0.000787096774193548
"70","cgac",155000,"cgax",98,0.000632258064516129
"71","tgac",1491000,"tgax",873,0.000585513078470825
"72","ggac",770000,"ggax",356,0.000462337662337662
"73","aacc",1228000,"aaxc",605,0.000492671009771987
"74","aacc",1228000,"aacx",396,0.000322475570032573
"75","cacc",1052000,"xacc",369,0.000350760456273764
"76","cacc",1052000,"caxc",411,0.000390684410646388
"77","cacc",1052000,"cacx",437,0.000415399239543726
"78","tacc",1160000,"taxc",435,0.000375
"79","tacc",1160000,"tacx",392,0.000337931034482759
"80","gacc",603000,"gaxc",242,0.000401326699834163
"81","gacc",603000,"gacx",238,0.00039469320066335
"82","accc",609000,"axcc",354,0.00058128078817734
"83","accc",609000,"acxc",204,0.000334975369458128
"84","accc",609000,"accx",316,0.00051888341543514
"85","cccc",118000,"xccc",56,0.000474576271186441
"86","cccc",118000,"cxcc",91,0.000771186440677966
"87","cccc",118000,"ccxc",133,0.0011271186440678
"88","cccc",118000,"cccx",112,0.000949152542372881
"89","tccc",295000,"txcc",159,0.000538983050847458
"90","tccc",295000,"tcxc",109,0.000369491525423729
"91","tccc",295000,"tccx",83,0.00028135593220339
"92","gccc",186000,"gxcc",67,0.000360215053763441
"93","gccc",186000,"gcxc",87,0.000467741935483871
"94","gccc",186000,"gccx",61,0.000327956989247312
"95","atcc",553000,"atxc",231,0.000417721518987342
"96","atcc",553000,"atcx",202,0.000365280289330922
"97","ctcc",331000,"xtcc",156,0.000471299093655589
"98","ctcc",331000,"ctxc",207,0.000625377643504532
"99","ctcc",331000,"ctcx",149,0.000450151057401813
"100","ttcc",867000,"ttxc",434,0.000500576701268743
"101","ttcc",867000,"ttcx",356,0.000410611303344867
"102","gtcc",511000,"gtxc",256,0.000500978473581213
"103","gtcc",511000,"gtcx",127,0.00024853228962818
"104","agcc",524000,"agxc",177,0.000337786259541985
"105","agcc",524000,"agcx",311,0.000593511450381679
"106","cgcc",142000,"xgcc",95,0.000669014084507042
"107","cgcc",142000,"cgxc",33,0.000232394366197183
"108","cgcc",142000,"cgcx",31,0.00021830985915493
"109","tgcc",1030000,"tgxc",250,0.000242718446601942
"110","tgcc",1030000,"tgcx",305,0.000296116504854369
"111","ggcc",352000,"ggxc",171,0.000485795454545455
"112","ggcc",352000,"ggcx",201,0.000571022727272727
"113","aatc",1194000,"aatx",640,0.000536013400335008
"114","catc",1008000,"xatc",411,0.000407738095238095
"115","catc",1008000,"catx",403,0.000399801587301587
"116","tatc",837000,"tatx",405,0.000483870967741935
"117","gatc",642000,"gatx",379,0.000590342679127726
"118","actc",1111000,"axtc",604,0.000543654365436544
"119","actc",1111000,"actx",638,0.000574257425742574
"120","cctc",579000,"xctc",151,0.000260794473229706
"121","cctc",579000,"cxtc",138,0.000238341968911917
"122","cctc",579000,"cctx",304,0.000525043177892919
"123","tctc",773000,"txtc",384,0.000496765847347995
"124","tctc",773000,"tctx",385,0.000498059508408797
"125","gctc",592000,"gxtc",152,0.000256756756756757
"126","gctc",592000,"gctx",157,0.000265202702702703
"127","attc",1464000,"attx",616,0.000420765027322404
"128","cttc",1337000,"xttc",631,0.000471952131637996
"129","cttc",1337000,"cttx",725,0.000542258788332087
"130","tttc",1712000,"tttx",1127,0.000658294392523365
"131","gttc",1039000,"gttx",595,0.000572666025024062
"132","agtc",838000,"agtx",294,0.000350835322195704
"133","cgtc",240000,"xgtc",122,0.000508333333333333
"134","cgtc",240000,"cgtx",81,0.0003375
"135","tgtc",1547000,"tgtx",744,0.00048093083387201
"136","ggtc",322000,"ggtx",90,0.000279503105590062
"137","aagc",1045000,"aagx",387,0.000370334928229665
"138","cagc",759000,"xagc",180,0.000237154150197628
"139","cagc",759000,"cagx",181,0.000238471673254282
"140","tagc",876000,"tagx",331,0.000377853881278539
"141","gagc",589000,"gagx",218,0.000370118845500849
"142","acgc",367000,"axgc",184,0.000501362397820164
"143","acgc",367000,"acgx",78,0.000212534059945504
"144","ccgc",219000,"xcgc",93,0.000424657534246575
"145","ccgc",219000,"cxgc",116,0.000529680365296804
"146","ccgc",219000,"ccgx",55,0.000251141552511415
"147","tcgc",286000,"txgc",218,0.000762237762237762
"148","tcgc",286000,"tcgx",189,0.000660839160839161
"149","gcgc",188000,"gxgc",50,0.000265957446808511
"150","gcgc",188000,"gcgx",47,0.00025
"151","atgc",1679000,"atgx",411,0.000244788564621799
"152","ctgc",1144000,"xtgc",300,0.000262237762237762
"153","ctgc",1144000,"ctgx",539,0.000471153846153846
"154","ttgc",1855000,"ttgx",701,0.000377897574123989
"155","gtgc",1240000,"gtgx",479,0.000386290322580645
"156","aggc",671000,"aggx",172,0.000256333830104322
"157","cggc",226000,"xggc",205,0.000907079646017699
"158","cggc",226000,"cggx",67,0.00029646017699115
"159","tggc",1207000,"tggx",407,0.000337199668599834
"160","gggc",341000,"gggx",166,0.000486803519061584
"161","caat",1936000,"xaat",937,0.000483987603305785
"162","acat",2134000,"axat",1048,0.000491096532333646
"163","ccat",916000,"xcat",317,0.000346069868995633
"164","ccat",916000,"cxat",331,0.000361353711790393
"165","tcat",1372000,"txat",822,0.000599125364431487
"166","gcat",859000,"gxat",353,0.000410942956926659
"167","ctat",1867000,"xtat",906,0.000485270487412962
"168","cgat",340000,"xgat",203,0.000597058823529412
"169","aact",2186000,"aaxt",1200,0.000548947849954254
"170","cact",1788000,"xact",734,0.000410514541387025
"171","cact",1788000,"caxt",837,0.000468120805369127
"172","tact",2316000,"taxt",1332,0.000575129533678757
"173","gact",1073000,"gaxt",601,0.000560111835973905
"174","acct",1502000,"axct",643,0.000428095872170439
"175","acct",1502000,"acxt",556,0.00037017310252996
"176","ccct",544000,"xcct",254,0.000466911764705882
"177","ccct",544000,"cxct",254,0.000466911764705882
"178","ccct",544000,"ccxt",214,0.000393382352941176
"179","tcct",860000,"txct",391,0.000454651162790698
"180","tcct",860000,"tcxt",292,0.00033953488372093
"181","gcct",822000,"gxct",236,0.000287104622871046
"182","gcct",822000,"gcxt",271,0.000329683698296837
"183","atct",1417000,"atxt",738,0.000520818630910374
"184","ctct",960000,"xtct",458,0.000477083333333333
"185","ctct",960000,"ctxt",370,0.000385416666666667
"186","ttct",2296000,"ttxt",1256,0.000547038327526132
"187","gtct",1126000,"gtxt",484,0.000429840142095915
"188","agct",1583000,"agxt",602,0.000380290587492104
"189","cgct",309000,"xgct",172,0.00055663430420712
"190","cgct",309000,"cgxt",72,0.000233009708737864
"191","tgct",2632000,"tgxt",1134,0.000430851063829787
"192","ggct",1017000,"ggxt",295,0.000290068829891839
"193","catt",1771000,"xatt",992,0.000560135516657256
"194","actt",2670000,"axtt",1403,0.000525468164794008
"195","cctt",1280000,"xctt",618,0.0004828125
"196","cctt",1280000,"cxtt",506,0.0003953125
"197","tctt",2210000,"txtt",1167,0.000528054298642534
"198","gctt",1789000,"gxtt",624,0.000348798211291224
"199","cttt",2731000,"xttt",1368,0.000500915415598682
"200","cgtt",499000,"xgtt",151,0.000302605210420842
"201","cagt",1255000,"xagt",383,0.000305179282868526
"202","acgt",699000,"axgt",294,0.000420600858369099
"203","ccgt",3e+05,"xcgt",141,0.00047
"204","ccgt",3e+05,"cxgt",93,0.00031
"205","tcgt",463000,"txgt",374,0.000807775377969762
"206","gcgt",409000,"gxgt",76,0.000185819070904645
"207","ctgt",1823000,"xtgt",728,0.0003993417443774
"208","cggt",316000,"xggt",244,0.000772151898734177
"209","caag",1314000,"xaag",352,0.000267884322678843
"210","acag",1767000,"axag",733,0.000414827391058291
"211","ccag",855000,"xcag",380,0.000444444444444444
"212","ccag",855000,"cxag",346,0.000404678362573099
"213","tcag",1265000,"txag",301,0.000237944664031621
"214","gcag",866000,"gxag",345,0.00039838337182448
"215","ctag",970000,"xtag",472,0.00048659793814433
"216","cgag",129000,"xgag",77,0.000596899224806202
"217","aacg",494000,"aaxg",307,0.000621457489878543
"218","cacg",443000,"xacg",215,0.000485327313769752
"219","cacg",443000,"caxg",191,0.000431151241534989
"220","tacg",533000,"taxg",269,0.0005046904315197
"221","gacg",308000,"gaxg",289,0.000938311688311688
"222","accg",323000,"axcg",64,0.000198142414860681
"223","accg",323000,"acxg",124,0.00038390092879257
"224","cccg",140000,"xccg",53,0.000378571428571429
"225","cccg",140000,"cxcg",51,0.000364285714285714
"226","cccg",140000,"ccxg",40,0.000285714285714286
"227","tccg",163000,"txcg",100,0.000613496932515337
"228","tccg",163000,"tcxg",77,0.00047239263803681
"229","gccg",188000,"gxcg",104,0.000553191489361702
"230","gccg",188000,"gcxg",146,0.000776595744680851
"231","atcg",231000,"atxg",217,0.000939393939393939
"232","ctcg",348000,"xtcg",67,0.000192528735632184
"233","ctcg",348000,"ctxg",222,0.000637931034482759
"234","ttcg",409000,"ttxg",371,0.000907090464547677
"235","gtcg",234000,"gtxg",149,0.000636752136752137
"236","agcg",243000,"agxg",49,0.000201646090534979
"237","cgcg",138000,"xgcg",94,0.000681159420289855
"238","cgcg",138000,"cgxg",89,0.000644927536231884
"239","tgcg",373000,"tgxg",130,0.000348525469168901
"240","ggcg",206000,"ggxg",90,0.000436893203883495
"241","catg",1314000,"xatg",516,0.000392694063926941
"242","actg",1719000,"axtg",838,0.000487492728330425
"243","cctg",728000,"xctg",286,0.000392857142857143
"244","cctg",728000,"cxtg",308,0.000423076923076923
"245","tctg",1172000,"txtg",366,0.000312286689419795
"246","gctg",1708000,"gxtg",564,0.000330210772833724
"247","cttg",1838000,"xttg",755,0.000410772578890098
"248","cgtg",677000,"xgtg",309,0.00045642540620384
"249","cagg",917000,"xagg",405,0.000441657579062159
"250","acgg",327000,"axgg",292,0.000892966360856269
"251","ccgg",110000,"xcgg",7,6.36363636363636e-05
"252","ccgg",110000,"cxgg",88,8e-04
"253","tcgg",243000,"txgg",221,0.000909465020576132
"254","gcgg",146000,"gxgg",82,0.000561643835616438
"255","ctgg",1091000,"xtgg",541,0.000495875343721357
"256","cggg",110000,"xggg",79,0.000718181818181818
"257","caa",7678000,"xaa",3139,0.000408830424589737
"258","aca",8250000,"axa",4157,0.000503878787878788
"259","cca",3826000,"xca",1468,0.000383690538421328
"260","cca",3826000,"cxa",1466,0.000383167799268165
"261","tca",6014000,"txa",2650,0.000440638510143
"262","gca",4090000,"gxa",1335,0.00032640586797066
"263","cta",6123000,"xta",3204,0.00052327290543851
"264","cga",1029000,"xga",675,0.00065597667638484
"265","aac",6706000,"aax",3430,0.000511482254697286
"266","cac",4658000,"xac",2199,0.000472091026191499
"267","cac",4658000,"cax",2128,0.000456848432803778
"268","tac",6666000,"tax",3303,0.000495499549954996
"269","gac",3714000,"gax",2016,0.00054281098546042
"270","acc",4067000,"axc",1693,0.00041627735431522
"271","acc",4067000,"acx",1463,0.000359724612736661
"272","ccc",1090000,"xcc",671,0.000615596330275229
"273","ccc",1090000,"cxc",534,0.000489908256880734
"274","ccc",1090000,"ccx",572,0.000524770642201835
"275","tcc",2263000,"txc",1128,0.000498453380468405
"276","tcc",2263000,"tcx",837,0.00036986301369863
"277","gcc",2048000,"gxc",631,0.00030810546875
"278","gcc",2048000,"gcx",848,0.0004140625
"279","atc",3706000,"atx",1828,0.000493254182406908
"280","ctc",2935000,"xtc",1278,0.000435434412265758
"281","ctc",2935000,"ctx",1484,0.000505621805792164
"282","ttc",5631000,"ttx",3064,0.00054413070502575
"283","gtc",2948000,"gtx",1209,0.00041010854816825
"284","agc",3291000,"agx",1117,0.000339410513521726
"285","cgc",1028000,"xgc",568,0.000552529182879377
"286","cgc",1028000,"cgx",369,0.000358949416342412
"287","tgc",5996000,"tgx",2130,0.0003552368245497
"288","ggc",2445000,"ggx",812,0.000332106339468303
"289","cat",5306000,"xat",2554,0.000481341877120241
"290","act",7396000,"axt",3970,0.00053677663601947
"291","cct",3729000,"xct",1527,0.000409493161705551
"292","cct",3729000,"cxt",1333,0.000357468490211853
"293","tct",5561000,"txt",2852,0.000512857399748247
"294","gct",5696000,"gxt",2103,0.000369206460674157
"295","ctt",8061000,"xtt",3700,0.000459000124054088
"296","cgt",1871000,"xgt",837,0.00044735435595938
"297","cag",4774000,"xag",1725,0.000361332216170926
"298","acg",1789000,"axg",1058,0.00059139183901621
"299","ccg",814000,"xcg",319,0.000391891891891892
"300","ccg",814000,"cxg",387,0.000475429975429975
"301","tcg",1223000,"txg",960,0.000784955028618152
"302","gcg",929000,"gxg",358,0.000385360602798708
"303","ctg",5416000,"xtg",2077,0.000383493353028065
"304","cgg",828000,"xgg",683,0.00082487922705314
"305","ca",22782000,"xa",9618,0.000422175401632868
"306","ac",22105000,"ax",10880,0.000492196335670663
"307","cc",8498000,"xc",3989,0.000469404565780184
"308","cc",8498000,"cx",3721,0.000437867733584373
"309","tc",15425000,"tx",7592,0.000492188006482982
"310","gc",12797000,"gx",4428,0.000346018598108932
"311","ct",22747000,"xt",10261,0.000451092451751879
"312","cg",4790000,"xg",2763,0.000576826722338205
